{
  "route": {"route":[
    [42.392611, -72.533832],[42.39107576463665, -72.53321883848933],[42.38837415353575, -72.53208770671064]
  ],
  "distance":1000,
  "elevation":100
  }
}